,REASON,count,default_rate,default_rate_%
1,HomeImp,1780,0.22247191011235956,22.25
2,Missing,252,0.19047619047619047,19.05
0,DebtCon,3928,0.18966395112016293,18.97
