threshold,accuracy,precision_BAD_1,recall_BAD_1,f1_BAD_1,roc_auc,average_precision
0.5,0.9211409395973155,0.813953488372093,0.7843137254901961,0.7988587731811697,0.9641237347489661,0.8971142400556759
