,precision,recall,f1-score,support
0,0.9500356887937188,0.9301187980433263,0.9399717514124294,1431.0
1,0.7416020671834626,0.803921568627451,0.771505376344086,357.0
accuracy,0.9049217002237137,0.9049217002237137,0.9049217002237137,0.9049217002237137
macro avg,0.8458188779885907,0.8670201833353887,0.8557385638782578,1788.0
weighted avg,0.9084189086399932,0.9049217002237137,0.9063350087393877,1788.0
