,precision,recall,f1-score,support
0,0.912534435261708,0.9259259259259259,0.9191814082552896,1431.0
1,0.6845238095238095,0.6442577030812325,0.6637806637806638,357.0
accuracy,0.8696868008948546,0.8696868008948546,0.8696868008948546,0.8696868008948546
macro avg,0.7985291223927588,0.7850918145035792,0.7914810360179767,1788.0
weighted avg,0.8670088237469263,0.8696868008948546,0.8681869643081748,1788.0
