,precision,recall,f1-score,support
0,0.8953942232630757,0.8015373864430468,0.8458702064896755,1431.0
1,0.43984220907297833,0.6246498599439776,0.5162037037037037,357.0
accuracy,0.7662192393736018,0.7662192393736018,0.7662192393736018,0.7662192393736018
macro avg,0.6676182161680271,0.7130936231935122,0.6810369550966896,1788.0
weighted avg,0.8044366902284757,0.7662192393736018,0.7800475322756979,1788.0
