,precision,recall,f1-score,support
0,0.9141689373297003,0.9378057302585604,0.9258364953432218,1431.0
1,0.721875,0.6470588235294118,0.6824224519940916,357.0
accuracy,0.8797539149888143,0.8797539149888143,0.8797539149888143,0.8797539149888143
macro avg,0.8180219686648502,0.7924322768939861,0.8041294736686566,1788.0
weighted avg,0.8757746780306493,0.8797539149888143,0.8772353692382779,1788.0
