,precision,recall,f1-score,support
0,0.9575971731448764,0.9468902865129281,0.9522136331693605,1431.0
1,0.7962466487935657,0.8319327731092437,0.8136986301369863,357.0
accuracy,0.9239373601789709,0.9239373601789709,0.9239373601789709,0.9239373601789709
macro avg,0.876921910969221,0.8894115298110858,0.8829561316531733,1788.0
weighted avg,0.925381212745873,0.9239373601789709,0.9245571141075273,1788.0
