,precision,recall,f1-score,support
0,0.940848990953375,0.9447938504542278,0.9428172942817294,1431.0
1,0.7749287749287749,0.7619047619047619,0.768361581920904,357.0
accuracy,0.9082774049217002,0.9082774049217002,0.9082774049217002,0.9082774049217002
macro avg,0.8578888829410749,0.8533493061794948,0.8555894381013167,1788.0
weighted avg,0.9077206256732955,0.9082774049217002,0.9079846939949203,1788.0
