,precision,recall,f1-score,support
0,0.9579172610556348,0.9385045422781272,0.9481115425344158,1431.0
1,0.772020725388601,0.834733893557423,0.8021534320323015,357.0
accuracy,0.9177852348993288,0.9177852348993288,0.9177852348993288,0.9177852348993288
macro avg,0.8649689932221178,0.8866192179177751,0.8751324872833586,1788.0
weighted avg,0.9208003353100358,0.9177852348993288,0.9189688996657049,1788.0
